# 山名别名表 (spec §2.10): mountain	summit	lat	lon (WGS-84). Coordinates are the summit's OSM node, via Photon, 2026-09-28.
# Add a line when a mountain's name finds the wrong place; the summit's coordinates come from OSM, never from memory.
泰山	玉皇顶	36.25700	117.10327
太白山	拔仙台	33.95512	107.76528
华山	华山南峰	34.47779	110.07811
衡山	祝融峰	27.29722	112.68970
嵩山	峻极峰	34.51106	113.04067
黄山	莲花峰	30.12711	118.16523
峨眉山	万佛顶	29.51035	103.33220
武功山	金顶	27.45520	114.17330
五台山	北台顶	39.07985	113.56713
四姑娘山	幺妹峰	31.10636	102.90199
梅里雪山	卡瓦格博峰	28.43940	98.68438
九华山	十王峰	30.46343	117.81817
苍山	马龙峰	25.64894	100.09801
长白山	白云峰	42.01586	128.03258
